{
    "people": [{
        "Certification": "SUPPLIER C OF C"
    }, {
        "Certification": "OEM C OF C"
    }, {
        "Certification": "BII C OF C"
    }, {
        "Certification": "EASA FORM ONE"
    }, {
        "Certification": "JAA FORM 1"
    }, {
        "Certification": "FAA FORM 8130-3"
    }, {
        "Certification": "C OF C"
    }, {
        "Certification": "8130-3 DUAL RELEASE"
    }, {
        "Certification": "MFG CERTS"
    }, {
        "Certification": "GSE - NO CERT"
    }, {
        "Certification": "FAA/EASA DUAL REL"
    }, {
        "Certification": "DUAL EASA FORM ONE"
    }, {
        "Certification": "OEM 8130-3"
    }, {
        "Certification": "FAA 8130-3"
    }, {
        "Certification": "8130-3 EASA"
    }, {
        "Certification": "OEM"
    }, {
        "Certification": "TCCA"
    }, {
        "Certification": "AIRLINE MATERIAL CERT"
    }, {
        "Certification": "TCCA DUAL"
    }, {
        "Certification": "EASA FORM 1 / FAR"
    }, {
        "Certification": "EASA/FAA/TCCA"
    }, {
        "Certification": "EASA/TCCA DUAL"
    }, {
        "Certification": "DAR 8130-3"
    }, {
        "Certification": "DUAL EASA /FAA"
    }, {
        "Certification": "NO CERTICIATION"
    }, {
        "Certification": "DUAL FAA 8130-3"
    }, {
        "Certification": "TRI RELEASE EASA/FAA/CAAC"
    }, {
        "Certification": "CAAC"
    }, {
        "Certification": "8130-4"
    }, {
        "Certification": "EASA FORM ONE OEM"
    }, {
        "Certification": "EASA/TCCA DUAL"
    }, {
        "Certification": "TRIPLE RELEASE"
    }, {
        "Certification": "AIRLINE SV TAG"
    }, {
        "Certification": "MATERIAL CERT"
    }, {
        "Certification": "JAA FORM 1"
    }, {
        "Certification": "NEW CERTS"
    }, {
        "Certification": "OEM/SUPPLIER"
    }]
}
