[
  {
    "Aircraft": "Aero Vodochody",
    "Aircraft Type": "L-159"
  },
  {
    "Aircraft": "Aero Vodochody",
    "Aircraft Type": "L-39"
  },
  {
    "Aircraft": "A.S.T.A.",
    "Aircraft Type": "Nomad-N24"
  },
  {
    "Aircraft": "Aerospatiale Aeron.",
    "Aircraft Type": 262
  },
  {
    "Aircraft": "AIRBUS",
    "Aircraft Type": 212
  },
  {
    "Aircraft": "AIRBUS",
    "Aircraft Type": "A300"
  },
  {
    "Aircraft": "AIRBUS",
    "Aircraft Type": "A310"
  },
  {
    "Aircraft": "AIRBUS",
    "Aircraft Type": "A318"
  },
  {
    "Aircraft": "AIRBUS",
    "Aircraft Type": "A319"
  },
  {
    "Aircraft": "AIRBUS",
    "Aircraft Type": "A320"
  },
  {
    "Aircraft": "AIRBUS",
    "Aircraft Type": "A321"
  },
  {
    "Aircraft": "AIRBUS",
    "Aircraft Type": "A330"
  },
  {
    "Aircraft": "AIRBUS",
    "Aircraft Type": "A340"
  },
  {
    "Aircraft": "AIRBUS",
    "Aircraft Type": "A380"
  },
  {
    "Aircraft": "AIRBUS",
    "Aircraft Type": "C-295"
  },
  {
    "Aircraft": "AIRBUS",
    "Aircraft Type": "TB"
  },
  {
    "Aircraft": "Antonov",
    "Aircraft Type": "An-12"
  },
  {
    "Aircraft": "Antonov",
    "Aircraft Type": "An-124"
  },
  {
    "Aircraft": "Antonov",
    "Aircraft Type": "An-125"
  },
  {
    "Aircraft": "Antonov",
    "Aircraft Type": "An-140"
  },
  {
    "Aircraft": "Antonov",
    "Aircraft Type": "An-148"
  },
  {
    "Aircraft": "Antonov",
    "Aircraft Type": "An-2"
  },
  {
    "Aircraft": "Antonov",
    "Aircraft Type": "An-225"
  },
  {
    "Aircraft": "Antonov",
    "Aircraft Type": "An-24"
  },
  {
    "Aircraft": "Antonov",
    "Aircraft Type": "An-26"
  },
  {
    "Aircraft": "Antonov",
    "Aircraft Type": "An-28"
  },
  {
    "Aircraft": "Antonov",
    "Aircraft Type": "An-3"
  },
  {
    "Aircraft": "Antonov",
    "Aircraft Type": "An-30"
  },
  {
    "Aircraft": "Antonov",
    "Aircraft Type": "An-32"
  },
  {
    "Aircraft": "Antonov",
    "Aircraft Type": "An-38"
  },
  {
    "Aircraft": "Antonov",
    "Aircraft Type": "An-72"
  },
  {
    "Aircraft": "Antonov",
    "Aircraft Type": "An-74"
  },
  {
    "Aircraft": "ATR",
    "Aircraft Type": "ATR 42"
  },
  {
    "Aircraft": "ATR",
    "Aircraft Type": "ATR 72"
  },
  {
    "Aircraft": "BAE Systems",
    "Aircraft Type": 146
  },
  {
    "Aircraft": "BAE Systems",
    "Aircraft Type": 748
  },
  {
    "Aircraft": "BAE Systems",
    "Aircraft Type": "ATP"
  },
  {
    "Aircraft": "BAE Systems",
    "Aircraft Type": "Jetstream"
  },
  {
    "Aircraft": "BAE Systems",
    "Aircraft Type": "Jetstream 31"
  },
  {
    "Aircraft": "BAE Systems",
    "Aircraft Type": "Jetstream 41"
  },
  {
    "Aircraft": "BAE Systems",
    "Aircraft Type": "RJ Avroliner"
  },
  {
    "Aircraft": "Boeing",
    "Aircraft Type": 707
  },
  {
    "Aircraft": "Boeing",
    "Aircraft Type": 717
  },
  {
    "Aircraft": "Boeing",
    "Aircraft Type": 727
  },
  {
    "Aircraft": "Boeing",
    "Aircraft Type": 737
  },
  {
    "Aircraft": "Boeing",
    "Aircraft Type": 747
  },
  {
    "Aircraft": "Boeing",
    "Aircraft Type": 757
  },
  {
    "Aircraft": "Boeing",
    "Aircraft Type": 767
  },
  {
    "Aircraft": "Boeing",
    "Aircraft Type": 777
  },
  {
    "Aircraft": "Boeing",
    "Aircraft Type": 787
  },
  {
    "Aircraft": "Boeing",
    "Aircraft Type": "DC-10"
  },
  {
    "Aircraft": "Boeing",
    "Aircraft Type": "DC-3"
  },
  {
    "Aircraft": "Boeing",
    "Aircraft Type": "DC-7"
  },
  {
    "Aircraft": "Boeing",
    "Aircraft Type": "DC-8"
  },
  {
    "Aircraft": "Boeing",
    "Aircraft Type": "DC-9"
  },
  {
    "Aircraft": "Boeing",
    "Aircraft Type": "MD-11"
  },
  {
    "Aircraft": "Boeing",
    "Aircraft Type": "MD-80"
  },
  {
    "Aircraft": "Boeing",
    "Aircraft Type": "MD-82"
  },
  {
    "Aircraft": "Boeing",
    "Aircraft Type": "MD-83"
  },
  {
    "Aircraft": "Boeing",
    "Aircraft Type": "MD-87"
  },
  {
    "Aircraft": "Boeing",
    "Aircraft Type": "MD80"
  },
  {
    "Aircraft": "Boeing",
    "Aircraft Type": "MD90"
  },
  {
    "Aircraft": "Bombardier",
    "Aircraft Type": 330
  },
  {
    "Aircraft": "Bombardier",
    "Aircraft Type": 360
  },
  {
    "Aircraft": "Bombardier",
    "Aircraft Type": "Challenger"
  },
  {
    "Aircraft": "Bombardier",
    "Aircraft Type": "CL-601"
  },
  {
    "Aircraft": "Bombardier",
    "Aircraft Type": "CL-604"
  },
  {
    "Aircraft": "Bombardier",
    "Aircraft Type": "CRJ Regional Jet"
  },
  {
    "Aircraft": "Bombardier",
    "Aircraft Type": "CRJ1000 Regional Jet"
  },
  {
    "Aircraft": "Bombardier",
    "Aircraft Type": "CRJ700 Regional Jet"
  },
  {
    "Aircraft": "Bombardier",
    "Aircraft Type": "CRJ900 Regional Jet"
  },
  {
    "Aircraft": "Bombardier",
    "Aircraft Type": "Cseries"
  },
  {
    "Aircraft": "Bombardier",
    "Aircraft Type": "Dash 7"
  },
  {
    "Aircraft": "Bombardier",
    "Aircraft Type": "Dash 8"
  },
  {
    "Aircraft": "Bombardier",
    "Aircraft Type": "DHC-2"
  },
  {
    "Aircraft": "Bombardier",
    "Aircraft Type": "DHC-3"
  },
  {
    "Aircraft": "Bombardier",
    "Aircraft Type": "DHC-4"
  },
  {
    "Aircraft": "Bombardier",
    "Aircraft Type": "DHC-6 Twin Otter"
  },
  {
    "Aircraft": "Bombardier",
    "Aircraft Type": "Global"
  },
  {
    "Aircraft": "Bombardier",
    "Aircraft Type": "Learjet"
  },
  {
    "Aircraft": "Bombardier",
    "Aircraft Type": "SC.7"
  },
  {
    "Aircraft": "Cessna",
    "Aircraft Type": 152
  },
  {
    "Aircraft": "Cessna",
    "Aircraft Type": 162
  },
  {
    "Aircraft": "Cessna",
    "Aircraft Type": 172
  },
  {
    "Aircraft": "Cessna",
    "Aircraft Type": 182
  },
  {
    "Aircraft": "Cessna",
    "Aircraft Type": 185
  },
  {
    "Aircraft": "Cessna",
    "Aircraft Type": 206
  },
  {
    "Aircraft": "Cessna",
    "Aircraft Type": 207
  },
  {
    "Aircraft": "Cessna",
    "Aircraft Type": 208
  },
  {
    "Aircraft": "Cessna",
    "Aircraft Type": 340
  },
  {
    "Aircraft": "Cessna",
    "Aircraft Type": 402
  },
  {
    "Aircraft": "Cessna",
    "Aircraft Type": 404
  },
  {
    "Aircraft": "Cessna",
    "Aircraft Type": 414
  },
  {
    "Aircraft": "Cessna",
    "Aircraft Type": 421
  },
  {
    "Aircraft": "Cessna",
    "Aircraft Type": 441
  },
  {
    "Aircraft": "Cessna",
    "Aircraft Type": "500 Citation"
  },
  {
    "Aircraft": "Cessna",
    "Aircraft Type": "501 Citation"
  },
  {
    "Aircraft": "Cessna",
    "Aircraft Type": "525 Citation"
  },
  {
    "Aircraft": "Cessna",
    "Aircraft Type": "550 Citation"
  },
  {
    "Aircraft": "Cessna",
    "Aircraft Type": "560 Citation"
  },
  {
    "Aircraft": "Cessna",
    "Aircraft Type": "650 Citation"
  },
  {
    "Aircraft": "Cessna",
    "Aircraft Type": "670 Citation"
  },
  {
    "Aircraft": "Cessna",
    "Aircraft Type": "680 Citation"
  },
  {
    "Aircraft": "Cessna",
    "Aircraft Type": "750 Citation"
  },
  {
    "Aircraft": "Cessna",
    "Aircraft Type": "Caravan"
  },
  {
    "Aircraft": "Cessna",
    "Aircraft Type": "Cessna"
  },
  {
    "Aircraft": "Cessna",
    "Aircraft Type": "Skymaster"
  },
  {
    "Aircraft": "Convair",
    "Aircraft Type": 580
  },
  {
    "Aircraft": "Convair",
    "Aircraft Type": 600
  },
  {
    "Aircraft": "Convair",
    "Aircraft Type": 640
  },
  {
    "Aircraft": "Dassault",
    "Aircraft Type": "Falcon"
  },
  {
    "Aircraft": "Dornier",
    "Aircraft Type": 228
  },
  {
    "Aircraft": "Dornier",
    "Aircraft Type": 328
  },
  {
    "Aircraft": "Dornier",
    "Aircraft Type": "Dornier"
  },
  {
    "Aircraft": "Embraer",
    "Aircraft Type": 170
  },
  {
    "Aircraft": "Embraer",
    "Aircraft Type": 175
  },
  {
    "Aircraft": "Embraer",
    "Aircraft Type": 190
  },
  {
    "Aircraft": "Embraer",
    "Aircraft Type": 195
  },
  {
    "Aircraft": "Embraer",
    "Aircraft Type": "EMB-110"
  },
  {
    "Aircraft": "Embraer",
    "Aircraft Type": "EMB-120"
  },
  {
    "Aircraft": "Embraer",
    "Aircraft Type": "ERJ-135"
  },
  {
    "Aircraft": "Embraer",
    "Aircraft Type": "ERJ-140"
  },
  {
    "Aircraft": "Embraer",
    "Aircraft Type": "ERJ-145"
  },
  {
    "Aircraft": "Embraer",
    "Aircraft Type": "ERJ170"
  },
  {
    "Aircraft": "Embraer",
    "Aircraft Type": "Legacy"
  },
  {
    "Aircraft": "Embraer",
    "Aircraft Type": "Phenom"
  },
  {
    "Aircraft": "Evektor-Aerotechnik",
    "Aircraft Type": "EV-97"
  },
  {
    "Aircraft": "Fairchild",
    "Aircraft Type": 228
  },
  {
    "Aircraft": "Fairchild",
    "Aircraft Type": 328
  },
  {
    "Aircraft": "Fairchild",
    "Aircraft Type": "328JET"
  },
  {
    "Aircraft": "Fairchild",
    "Aircraft Type": "F-27"
  },
  {
    "Aircraft": "Fairchild",
    "Aircraft Type": "Metro"
  },
  {
    "Aircraft": "Fairchild",
    "Aircraft Type": "SA-226/7"
  },
  {
    "Aircraft": "Fairchild",
    "Aircraft Type": "SA227"
  },
  {
    "Aircraft": "Fairchild",
    "Aircraft Type": "SF"
  },
  {
    "Aircraft": "Fairchild",
    "Aircraft Type": "Swearingen"
  },
  {
    "Aircraft": "Fokker",
    "Aircraft Type": 100
  },
  {
    "Aircraft": "Fokker",
    "Aircraft Type": 50
  },
  {
    "Aircraft": "Fokker",
    "Aircraft Type": 70
  },
  {
    "Aircraft": "Fokker",
    "Aircraft Type": "F.27"
  },
  {
    "Aircraft": "Fokker",
    "Aircraft Type": "F.28"
  },
  {
    "Aircraft": "Gulfstream",
    "Aircraft Type": "G"
  },
  {
    "Aircraft": "Gulfstream",
    "Aircraft Type": "G100"
  },
  {
    "Aircraft": "Gulfstream",
    "Aircraft Type": "Gulfstream"
  },
  {
    "Aircraft": "Harbin",
    "Aircraft Type": "ERJ"
  },
  {
    "Aircraft": "Harbin",
    "Aircraft Type": "Y-12"
  },
  {
    "Aircraft": "Hawker Beechcraft",
    "Aircraft Type": 125
  },
  {
    "Aircraft": "Hawker Beechcraft",
    "Aircraft Type": 1900
  },
  {
    "Aircraft": "Hawker Beechcraft",
    "Aircraft Type": 400
  },
  {
    "Aircraft": "Hawker Beechcraft",
    "Aircraft Type": 700
  },
  {
    "Aircraft": "Hawker Beechcraft",
    "Aircraft Type": 750
  },
  {
    "Aircraft": "Hawker Beechcraft",
    "Aircraft Type": 800
  },
  {
    "Aircraft": "Hawker Beechcraft",
    "Aircraft Type": 900
  },
  {
    "Aircraft": "Hawker Beechcraft",
    "Aircraft Type": 99
  },
  {
    "Aircraft": "Hawker Beechcraft",
    "Aircraft Type": "Airliner"
  },
  {
    "Aircraft": "Hawker Beechcraft",
    "Aircraft Type": "Baron"
  },
  {
    "Aircraft": "Hawker Beechcraft",
    "Aircraft Type": "Hawker"
  },
  {
    "Aircraft": "Hawker Beechcraft",
    "Aircraft Type": "King"
  },
  {
    "Aircraft": "Hawker Beechcraft",
    "Aircraft Type": "Premier"
  },
  {
    "Aircraft": "Hawker Beechcraft",
    "Aircraft Type": "Super"
  },
  {
    "Aircraft": "Ilyushin",
    "Aircraft Type": "II-114"
  },
  {
    "Aircraft": "Ilyushin",
    "Aircraft Type": "II-18"
  },
  {
    "Aircraft": "Ilyushin",
    "Aircraft Type": "II-62"
  },
  {
    "Aircraft": "Ilyushin",
    "Aircraft Type": "II-76"
  },
  {
    "Aircraft": "Ilyushin",
    "Aircraft Type": "II-86"
  },
  {
    "Aircraft": "Ilyushin",
    "Aircraft Type": "II-96"
  },
  {
    "Aircraft": "Indonesian Aerospace",
    "Aircraft Type": 212
  },
  {
    "Aircraft": "Indonesian Aerospace",
    "Aircraft Type": "CN-235"
  },
  {
    "Aircraft": "LET Aircraft",
    "Aircraft Type": "Let L-410"
  },
  {
    "Aircraft": "Lockheed Martin",
    "Aircraft Type": "C-130"
  },
  {
    "Aircraft": "Lockheed Martin",
    "Aircraft Type": "Hercules-L-100"
  },
  {
    "Aircraft": "Lockheed Martin",
    "Aircraft Type": "L-1011"
  },
  {
    "Aircraft": "Lockheed Martin",
    "Aircraft Type": "L-188"
  },
  {
    "Aircraft": "Lockheed Martin",
    "Aircraft Type": "L-382G"
  },
  {
    "Aircraft": "NAMC",
    "Aircraft Type": "YS-11"
  },
  {
    "Aircraft": "Pilatus Aircraft",
    "Aircraft Type": "PC"
  },
  {
    "Aircraft": "Piper Aircraft",
    "Aircraft Type": "PA-18"
  },
  {
    "Aircraft": "Piper Aircraft",
    "Aircraft Type": "PA-23"
  },
  {
    "Aircraft": "Piper Aircraft",
    "Aircraft Type": "PA-24"
  },
  {
    "Aircraft": "Piper Aircraft",
    "Aircraft Type": "PA-28"
  },
  {
    "Aircraft": "Piper Aircraft",
    "Aircraft Type": "PA-31"
  },
  {
    "Aircraft": "Piper Aircraft",
    "Aircraft Type": "PA-34"
  },
  {
    "Aircraft": "Piper Aircraft",
    "Aircraft Type": "PA-42"
  },
  {
    "Aircraft": "Piper Aircraft",
    "Aircraft Type": "PA-46"
  },
  {
    "Aircraft": "Rockwell Collins",
    "Aircraft Type": "Sabreliner"
  },
  {
    "Aircraft": "Saab",
    "Aircraft Type": 2000
  },
  {
    "Aircraft": "Saab",
    "Aircraft Type": 340
  },
  {
    "Aircraft": "Saab",
    "Aircraft Type": "JAS-39"
  },
  {
    "Aircraft": "Short Brothers",
    "Aircraft Type": "Short"
  },
  {
    "Aircraft": "Sikorsky",
    "Aircraft Type": "Sikorsky"
  },
  {
    "Aircraft": "Sukhoi",
    "Aircraft Type": "Superjet 100"
  },
  {
    "Aircraft": "Tupolev",
    "Aircraft Type": "Tu-134"
  },
  {
    "Aircraft": "Tupolev",
    "Aircraft Type": "Tu-154"
  },
  {
    "Aircraft": "Tupolev",
    "Aircraft Type": "Tu-204"
  },
  {
    "Aircraft": "Tupolev",
    "Aircraft Type": "Tu-334"
  },
  {
    "Aircraft": "WSK PZL",
    "Aircraft Type": "Mielec An-28"
  },
  {
    "Aircraft": "Xi'an Aircraft",
    "Aircraft Type": "MA60"
  },
  {
    "Aircraft": "Yakovlev",
    "Aircraft Type": "Yak-40"
  },
  {
    "Aircraft": "Yakovlev",
    "Aircraft Type": "Yak-42"
  },
  {
    "Aircraft": "ZLIN AIRCRAFT",
    "Aircraft Type": "Z-142C",
  }
]